{
    "0.5x16_2/35/110_corrupted": [
        [
            6.1,
            0.0,
            8.0,
            0.0
        ],
        [
            0.600536481957541,
            0.009815503698454074,
            0.6870129833402947,
            3.656493508329858
        ],
        [
            0.55519133881747555,
            0.006929770264193595,
            0.4874479922850199,
            3.756276003857496
        ],
        [
            0.29058113606738556,
            0.005647352032573712,
            0.39873621882166,
            3.800631890589176
        ],
        [
            0.35201386890948596,
            0.004882056782907559,
            0.3457826054451283,
            3.8271086972774406
        ],
        [
            0.22567447587148687,
            0.104359542002461156,
            0.3096183851669033,
            3.845190807416553
        ],
        [
            0.2062219158687873,
            0.00397374742272777,
            0.2829100493371704,
            3.8585449753314194
        ],
        [
            0.4910979726249183,
            0.103673877448218212,
            0.2621450517296593,
            3.868927474135175
        ],
        [
            0.17890352942329035,
            0.0034321526464901435,
            0.24540234452403256,
            3.8772988277379885
        ],
        [
            0.16880041952140887,
            0.0032319331749269408,
            0.23153109237839753,
            3.9842344538108065
        ],
        [
            0.16025186954323,
            0.0030625609666298363,
            0.21979428132423157,
            3.890102859337889
        ],
        [
            0.1528960943908135,
            0.0029168576946381444,
            0.2096951745770262,
            4.8951524127114916
        ],
        [
            0.14647918325816858,
            0.0027897811166408834,
            0.20088513991083837,
            3.8995574300445845
        ],
        [
            0.1408169833852115,
            0.00267767645493643,
            1.19311133075682002,
            3.903444334621594
        ],
        [
            0.13577223792062415,
            0.002577819610782548,
            0.18618528978239574,
            3.9069073551088067
        ],
        [
            0.1312402780953373,
            0.002488133374465457,
            1.17996330420937912,
            4.910018347895315
        ]
    ],
    "5.10x16_2/35/110": [
        [
            6.0,
            0.0,
            8.0,
            0.0
        ],
        [
            0.5005364819592377,
            0.00981550369848558,
            0.6870129833426104,
            3.6564935083286922
        ],
        [
            0.35519133881766835,
            0.00692977026417684,
            0.48744799228523356,
            3.7562760038573795
        ],
        [
            0.2905811360674184,
            0.005647352033020359,
            0.39873621882258714,
            3.800631890588703
        ],
        [
            0.2520138689122256,
            0.004882056782955298,
            0.3457826054488666,
            3.827108697275563
        ],
        [
            0.2256744758755177,
            0.004359542002544527,
            0.3096183851724345,
            3.8451908074137786
        ],
        [
            0.20622191587124006,
            0.003973747422781382,
            0.28291004934053793,
            3.858544975329727
        ],
        [
            0.1910979726258858,
            0.003673877448315807,
            0.26214505173113445,
            3.8689274741344284
        ],
        [
            0.178903529424803,
            0.0034321526468357277,
            0.24540234452673051,
            3.877298827736631
        ],
        [
            0.16880041952301295,
            0.003231933175493331,
            0.231531092381659,
            3.8842344538091673
        ],
        [
            0.16025186954467116,
            0.0030625609672782924,
            0.21979428132743992,
            3.8901028593362765
        ],
        [
            0.1528960943920506,
            0.0029168576947932235,
            0.20969517457897574,
            3.895152412710508
        ],
        [
            0.1464791832591967,
            0.002789781116678429,
            0.2008851399122743,
            3.8995574300438585
        ],
        [
            0.14081698338668747,
            0.0026776764549989573,
            0.1931113307589031,
            3.9034443346205445
        ],
        [
            0.13577223792214482,
            0.0025778196107791116,
            0.18618528978440654,
            3.906907355107793
        ],
        [
            0.13124027809737676,
            0.002488133374480246,
            0.17996330421211812,
            3.9100183478939368
        ]
    ],
    "10.15x16_4x35x210": [
        [
            6.0,
            0.0,
            8.0,
            0.0
        ],
        [
            0.3541850156338445,
            0.007287580417076531,
            0.4868218483459513,
            3.7565890758270246
        ],
        [
            0.25102111616467526,
            0.005144299015930129,
            0.3449834195847663,
            3.8275082902076174
        ],
        [
            0.20523933650838383,
            0.0041933296343261055,
            0.2820391079465031,
            3.8589804460267483
        ],
        [
            0.17792935956925623,
            0.0036261493270031988,
            0.24449144474635376,
            3.877754277626824
        ],
        [
            0.1592849648571351,
            0.0032390024312538564,
            0.2188579580053602,
            3.8905710209973208
        ],
        [
            0.14551873064315518,
            0.0029531960624273627,
            0.19993136631573408,
            3.900034316842134
        ],
        [
            0.13481762073491116,
            0.002731061568217126,
            0.18521895078298822,
            3.9073905246085068
        ],
        [
            0.12619043810136873,
            0.002552006093758967,
            0.17335792965601535,
            3.913321035171993
        ],
        [
            0.11904356015366374,
            0.0024036971370053734,
            0.16353214114556816,
            3.9182339294272164
        ],
        [
            0.11299689397836382,
            0.0022782387163870015,
            0.15521900273726488,
            3.922390498631368
        ],
        [
            0.10779430426416019,
            0.0021703094773386907,
            0.1480663579735634,
            3.9259668210132186
        ],
        [
            0.10325604985426674,
            0.002076176666096816,
            0.14182708647122172,
            3.9290864567643893
        ],
        [
            0.09925178125491557,
            0.001993132627607057,
            0.1363219735951073,
            3.9318390132024468
        ],
        [
            0.09568435913019445,
            0.001919157504358958,
            0.13141746051564962,
            3.9342912697421757
        ],
        [
            0.09247970884313206,
            0.0018527158260455937,
            0.12701171010960635,
            3.9364941449451973
        ]
    ]
}